Date/Time,Tweets,Account
6:32 AM - 11 Oct 2016,"JUST IN: Aktor na si Dick Israel, pumanaw na, ayon sa kasamahang aktres na si Vivian Velez.",@DZMMTeleRadyo
4:11 AM - 11 Oct 2016,"TINGNAN: Sunog sa isang restaurant sa Brgy. South Triangle cor. Sgt. Esguerra, QC | Photos by Gigie Cruz",@DZMMTeleRadyo
3:26 AM - 11 Oct 2016,"Paglayo ng administrasyong Duterte sa impluwensya ng US, suportado ng grupong BAYAN | via @jonibanez35",@DZMMTeleRadyo
2:29 AM - 11 Oct 2016,"TINGNAN: #WalangPasok sa San Carlos City, Negros Occ. sa Nov.4 dahil sa annual festival ng lungsod | via @dzmmRP45",@DZMMTeleRadyo
2:00 AM - 11 Oct 2016,"JUST IN: San Beda Red Lions, kampeon sa 20th NCAA men's baskeball matapos talunin ang Arellano #NCAASeason92",@DZMMTeleRadyo
1:50 AM - 11 Oct 2016,"TINGNAN: UE Dean Amado Valdez, inappoint bilang bagong chairman ng Social Security Commission (policy-making body ng SSS) | via @dzmmRP45",@DZMMTeleRadyo
1:00 AM - 11 Oct 2016,"#WalangPasok sa Loyola Schools (undergraduate at graduate) simula 5 p.m. ngayong araw, Martes, Oct. 11, 2016 | via @ateneodemanilau",@DZMMTeleRadyo
12:46 AM - 11 Oct 2016,"TINGNAN: Makakapal na ulap ang natatanaw sa McKinley Hill, Taguig (Litrato mula kay @iamsarah18) #WeatherPatrol",@DZMMTeleRadyo
12:34 AM - 11 Oct 2016,"Higit 3000 provincial bus, maaalis sa EDSA kung matatanggal ang mga terminal sa QC, ayon sa atty ng Solid North Transit | via @jonibanez35",@DZMMTeleRadyo
4:20 PM - 12 Oct 2016,"#RadyoPatrol Cong. Robert Barbers at Cong. Prospero Pichay, nagkainitan sa pagdinig sa Cha-cha | ulat ni RP47 @robertmanodzmm",@DZMMTeleRadyo
4:08 PM - 12 Oct 2016,"#RadyoPatrol Nationwide firecracker ban, pinag-aaralan ipatupad ayon sa Palasyo",@DZMMTeleRadyo
4:07 PM - 12 Oct 2016,"#RadyoPatrol Isa patay at 24 sugatan sa pagsabog ng tindahan ng paputok sa Bocaue, Bulacan",@DZMMTeleRadyo
3:03 PM - 12 Oct 2016,"Ilang kongresista, pumabor na sa Con-Ass na paraan ng pagpapalit ng Konstitusyon | via @robertmanodzmm",@DZMMTeleRadyo
12:21 PM - 12 Oct 2016,#RadyoPatrol Pagsabog yumanig sa isang bodega ng paputok sa Bulacan,@DZMMTeleRadyo
12:13 PM - 12 Oct 2016,"#RadyoPatrol Panukalang pagpapaliban ng barangay at SK elections, patuloy pang pinag-aaralan ng Palasyo | Ulat ni RP 45 @dzmmRP45",@DZMMTeleRadyo
8:12 PM - 11 Oct 2016,"Sunog sa Sgt. Esguerra, QC, idineklara nang under control ng BFP | via Gigie Cruz",@DZMMTeleRadyo
7:46 PM - 11 Oct 2016,"Isang restaurant sa Brgy. South Triangle cor. Sgt. Esguerra, Quezon City nasusunog | via @RayaCapulong",@DZMMTeleRadyo
7:26 PM - 11 Oct 2016,"Paglayo ng administrasyong Duterte sa impluwensya ng US, suportado ng grupong BAYAN | via @jonibanez35",@DZMMTeleRadyo
4:33 PM - 11 Oct 2016,#RadyoPatrol Mga kabataan nagprotesta sa US embassy sa paggunita ng death anniversay ni Laude,@DZMMTeleRadyo
4:20 PM - 11 Oct 2016,"#RadyoPatrol Midnight deal na umano'y pinasok ni Usec Leo Jasareno, pinaiimbestigahan na ni DENR Sec. Gina Lopez | ulat ni RP35 @jonibanez35",@DZMMTeleRadyo
2:21 PM - 11 Oct 2016,"3 Taiwanese, 1 Chinese patay sa Pampanga bit.ly/2elWEHr",@DZMMTeleRadyo
12:54 PM - 11 Oct 2016,"Pagpili sa Salita ng Taon, hindi batay sa popularidad, ayon sa Filipinas Institute of Translation | via @zhandercayabyab",@DZMMTeleRadyo
12:52 PM - 11 Oct 2016,"Butanding na na-trap sa fish fence, iniligtas ng taumbayan",@DZMMTeleRadyo
12:48 PM - 11 Oct 2016,"Negros Island Region, posibleng mahati muli sa 2 lalawigan | Ulat ni @feanneperez",@DZMMTeleRadyo
1:01 PM - 11 Oct 2016,"1 Chinese, 3 Taiwanese magkahiwalay na natagpuang patay | Ulat ni Gracie Rutao",@DZMMTeleRadyo
6:37 AM 11 Oct 2016,"Operasyon ng Pasig River Ferry Service, suspendido pa rin dahil sa mga nakabarang water lilies | via @Dennis_Datu",@DZMMTeleRadyo
9:02 PM - 12 Oct 2016,"Pagbaba ng rating ni Duterte, dapat pag-aralan ayon kay Lacson - DZIQ Radyo Inquirer 990AM",@dzIQ990
8:59 PM - 12 Oct 2016,"Konstruksyon ng Mega Drug Rehab Center sa Nueva Ecija, halos nangangalahati na - DZIQ Radyo Inquirer 990AM",@dzIQ990
8:57 PM - 12 Oct 2016,"UN panel, pinatitigil na ang umano'y EJK na nagaganap sa Pilipinas - DZIQ Radyo Inquirer 990AM",@dzIQ990
7:35 PM - 12 Oct 2016,"Chikungunya outbreak, idineklara sa isang lungsod sa Leyte - DZIQ Radyo Inquirer 990AM",@dzIQ990
6:46 PM - 12 Oct 2016,"UPDATE: 2 patay, 24 sugatan sa pagsabog ng tindahan ng paputok sa Bocaue, Bulacan shar.es/1E7jGp | @erwinaguilonINQ",@dzIQ990
4:16 PM - 12 Oct 2016,"4 na miyembro ng Duterte Cabinet, lusot na sa Commission on Appointments - DZIQ Radyo Inquirer 990AM",@dzIQ990
3:32 PM - 12 Oct 2016,Pulis inaresto ng PDEA sa pagbebenta ng shabu sa Zamboanga - DZIQ Radyo Inquirer 990AM,@dzIQ990
3:24 PM - 12 Oct 2016,"Sugatan sa pagsabog sa Bocaue, Bulacan 24 na shar.es/1E7awm | @erwinaguilonINQ",@dzIQ990
1:32 PM - 12 Oct 2016,"UPDATE: 1 patay, 6 sugatan sa pagsabog na naganap sa pagawaan ng paputok sa Bocaue, Bulacan",@dzIQ990
9:51 AM - 12 Oct 2016,"Orbos: 370,000 one way everyday ang dami ng dumadaang sasakyan sa EDSA | radyo.inquirer.net",@dzIQ990
8:36 AM - 12 Oct 2016,"JUST IN: Mga pasahero ng #MRT3, pinababa sa bahagi ng Magallanes Station Northbound kaninang 8:27AM dahil sa train failure | @dotcmrt3",@dzIQ990
10:56 AM - 11 Oct 2016,"Death penalty, walang lugar sa 21st century' - Ban Ki-moon - DZIQ Radyo Inquirer 990AM",@dzIQ990
8:14 AM - 11 Oct 2016,20 katao patay sa pagguho ng apat na gusali sa China - DZIQ Radyo Inquirer 990AM,@dzIQ990
5:07 AM - 11 Oct 2016,"Pangulong Duterte, makikusap sa China na payagang makapangisda ang mga Pinoy sa Scarborough shoal  shar.es/1Eqq9W | @chonayu1",@dzIQ990
5:01 AM - 11 Oct 2016,"Sariling emergency hotline 122, ilulunsad ng Quezon City shar.es/1EqqHS | @kbdaenlle",@dzIQ990
4:59 AM - 11 Oct 2016,Daan-daang mga namatay sa Haiti dahil sa hurricane ‘Matthew’ inilibing sa mass graves shar.es/1Eq2P4 | @kbdaenlle,@dzIQ990
10:47 PM - 10 Oct 2016,"De Lima, tumanggap umano ng P14.3 million mula kay ex-BuCor chief Ragos - DZIQ Radyo Inquirer 990AM",@dzIQ990
3:03 PM - 10 Oct 2016,Bilyong Piso halaga ng pera umiikot sa loob ng Bilibid ayon kay Sebastian - DZIQ Radyo Inquirer 990AM shar.es/1Eryvl via @sharethis,@dzIQ990
8:19 AM - 10 Oct 2016,"Pangulong Duterte, binansagang “Craziest President on Earth” ng listverse.com -",@dzIQ990
6:52 AM - 10 Oct 2016,ADVISORY: Stalled bus due to flat tire at EDSA Buendia SB as of 6:38 AM. 1 lane occupied. MMDA on site. | @MMDA,@dzIQ990
4:53 AM - 10 Oct 2016,8 patay sa pagbagsak ng army helicopter sa Afghanistan shar.es/1Epzp6 | @kbdaenlle,@dzIQ990
3:57 PM - 9 Oct 2016,"Isang babae patay sa hostage taking sa isang mall sa Dasmariñas City, Cavite. Hostage taker, patay din.",@dzIQ990
12:17 PM - 9 Oct 2016,"Preliminary investigation ng DOJ laban sa Davao City bombing suspects, itinakda sa Oct. 12 DZIQ Radyo Inquirer 990AM",@dzIQ990
11:59 PM - 8 Oct 2016,"Lalaki, patay sa buy bust operation sa QC shar.es/1EWRio | @rockyrod26",@dzIQ990
8:00 PM - 8 Oct 2016,"7 katao nawawala, matapos tumaob ang sinasakyang bangka sa Indonesia  shar.es/1EWh2s | @rockyrod26",@dzIQ990
7:22 PM - 8 Oct 2016,"Mark Anthony Fernandez, walang special treatment sa kulungan shar.es/1EW5RR | Len Montaño",@dzIQ990
10:40 AM - 8 Oct 2016,“Judas” patay sa barilan sa Quezon City - DZIQ Radyo Inquirer 990AM shar.es/1EowPv via @sharethis,@dzIQ990
10:00 AM - 8 Oct 2016,Duterte pikon na sa mabagal na internet connection sa Pinas - DZIQ Radyo Inquirer 990AM shar.es/1EoJau via @sharethis,@dzIQ990
9:23 AM - 8 Oct 2016,Ilang Brgy. officials hadlang sa mga drug operations ayon sa PDEA - DZIQ Radyo Inquirer 990AM shar.es/1EoYHH via @sharethis,@dzIQ990
5:28 AM - 8 Oct 2016,Carwash boy patay sa pananambang sa Pasay shar.es/1EoHAI | @jongmanlapaz,@dzIQ990
5:27 AM - 8 Oct 2016,"Obama, hinamon ni Duterte na magsampa ng kaso laban sa kaniya shar.es/1EoHh0 | @chonayu1",@dzIQ990
5:23 AM - 8 Oct 2016,"Mga benepisyaryo ng land reform sa Quezon, kinasuhan ng pagnanakaw shar.es/1EoH1O | @kbdaenlle",@dzIQ990
5:22 AM - 8 Oct 2016,"Street of lawlessness' sa Tondo, malinis na shar.es/1Eo3ML | @kbdaenlle",@dzIQ990
8:59 PM - 7 Oct 2016,Drug war ni Duterte nakakuha ng excellent rating sa SWS survey - DZIQ Radyo Inquirer 990AM shar.es/1EbXoy | @donadominguez,@dzIQ990
8:22 PM - 7 Oct 2016,"WATCH: 7 ang patay, 260 ang arestado sa one-time big-time operation sa Quiapo Maynila - shar.es/1Ebn65 | @_haniabbas",@dzIQ990
7:55PM - 7 Oct 2016,"Tatlong naarestong suspek sa Davao City bombing, sinampahan na ng kaso sa DOJ- DZIQ Radyo Inquirer 990AM shar.es/1EHMns | @JEPOI04",@dzIQ990
4:49 PM - 7 Oct 2016,"Davao City bombing, “case closed” na matapos madakip ang tatlong pangunahing suspek - shar.es/1EHAC7 | @iamruelperez",@dzIQ990
4:03 PM - 7 Oct 2016,Lorenzana: Hindi umano bababa sa 10 suspek ang nakiisa sa pagpaplano at pambobomba | @iamruelperez,@dzIQ990
1:57PM - 7 Oct 2016,"Barangay Chairman sa Agusan Del Norte, patay sa pamamaril - DZIQ Radyo Inquirer 990AM shar.es/1EHub7 | @erwinaguilonINQ",@dzIQ990
12:31 PM - 7 Oct 2016,Dela Rosa: Hindi magagalusan si Matobato sa PNP - DZIQ Radyo Inquirer 990AM shar.es/1EHp23 | @donadominguez,@dzIQ990
11:49 AM - 7 Oct 2016,"Brgy. Chairman, 6 na iba, patay sa one-time big-time operation sa Maynila; mahigit 200 na ang inaresto shar.es/1EHbZQ | @_haniabbas",@dzIQ990
11:27 AM - 7 Oct 2016,"Brgy. Chairman, 6 na iba, patay sa one-time big-time operation sa Maynila; mahigit 200 na ang inaresto shar.es/1EHbZQ | @_haniabbas",@dzIQ990
12:31 PM - 7 Oct 2016,BREAKING: Pito na ang patay sa one time big time operations sa Quiapo Maynila- @_haniabbas,@dzIQ990
11:09 AM - 7 Oct 2016,"Mayor Erap Estrada, dumating na sa isinasagawang malawakang anti-drug operations sa Quiapo Maynila | @_haniabbas",@dzIQ990
5:54 AM - 7 Oct 2016,"Barker, patay sa pamamaril sa Parañaque shar.es/1E3dVv | @jongmanlapaz",@dzIQ990
5:53 AM - 7 Oct 2016,"Pagpunta ni Duterte sa China, walang kinalaman sa military ties nito sa Pilipinas shar.es/1E3dFy | @kbdaenlle",@dzIQ990
5:52 AM - 7 Oct 2016,"Ikatlong pagdinig ng Kamara sa isyu ng droga sa Bilibid, inabot ng 12 oras; Ronnie Dayan muntik nang ipaaresto",@dzIQ990
5:48 AM - 7 Oct 2016,"100% electrification ng buong Pilipinas, target ng DOE sa 2020 shar.es/1E3dsv | @jay_dones",@dzIQ990
5:45 AM - 7 Oct 2016,"Edgar Matobato, ipinaaaresto na ng korte sa Davao shar.es/1E3dn3 | @kbdaenlle",@dzIQ990
5:45 AM - 7 Oct 2016,5 katao patay dahil sa rido sa Basilan shar.es/1E3eMa | @kbdaenlle,@dzIQ990
5:43 AM - 7 Oct 2016,"Comelec, ikinatuwa ang “most improved net sincerity rating” kontra sa katiwalian sa SWS survey shar.es/1E3eEw | @albarmarch22",@dzIQ990
5:33 PM - 6 Oct 2016,Mga artistang nahulihan ng droga aktibo ngayon sa gardening ayon sa QCPD - DZIQ Radyo Inquirer 990AM shar.es/1E0R9c via @sharethis,@dzIQ990
4:56 PM - 6 Oct 2016,Meralco may tapyas presyo sa kuryente - DZIQ Radyo Inquirer 990AM shar.es/1E09Fs via @sharethis,@dzIQ990
3:56 PM - 6 Oct 2016,Dating tauhan ni De Lima pumalag sa bintang na kolektor siya ng pera - DZIQ Radyo Inquirer 990AM shar.es/1E0K5L via @sharethis,@dzIQ990
3:41 PM - 6 Oct 2016,De Lima magpapabaril kapag napatunayang sangkot siya sa droga - DZIQ Radyo Inquirer 990AM shar.es/1E0zFI via @sharethis,@dzIQ990
11:00 AM - 6 Oct 2016,"Mga artistang sangkot sa illegal drugs, isasailaim sa buy-bust kapag hindi sumuko - shar.es/1E0rjL | @iamruelperez",@dzIQ990
10:59 AM - 6 Oct 2016,"Napalitan nang unit ng Galaxy Note 7, umusok pa rin; biyahe ng eroplano naantala - shar.es/1E0rGQ | @iammarieelaine",@dzIQ990
10:33 AM - 6 Oct 2016,"Kaso ng Chikungunya sa Odiongan, Romblon, tumaas - DZIQ Radyo Inquirer 990AM shar.es/1E0fy3 | @donadominguez",@dzIQ990
10:32 AM - 6 Oct 2016,"Dating aide ni De Lima, Vicente Sy, Lt. Col. Marcelino, tetestigo sa Bilibid house probe - shar.es/1E0fJc | @isaavendanoDZIQ",@dzIQ990
8:41 AM - 6 Oct 2016,"Clearing operations sa Intramurous, Maynila sinimulan na kasunod ng kautusan ni Tourism Sec. Wanda Teo | @erwinaguilonINQ",@dzIQ990
8:33 AM - 6 Oct 2016,"Presidential election sa Haiti, sinuspinde dahil sa hurricane Matthew - DZIQ Radyo Inquirer 990AM shar.es/1EmLqb | @donadominguez",@dzIQ990
8:16 AM - 6 Oct 2016,"Luis Jalandoni nagbitiw bilang chairman ng NDFP peace panel; Fidel Agcaoili, itinalagang kapalit - shar.es/1EmM44 | @_haniabbas",@dzIQ990
6:34 AM - 6 Oct 2016,"Typhoon Chaba, nanalasa sa South Korea, tatlo ang patay - DZIQ Radyo Inquirer 990AM shar.es/1Em9YO | @donadominguez",@dzIQ990
5:21 AM - 6 Oct 2016,"Paglabag sa human rights, hindi palalampasin ng US; usapin sa EDCA nais namang buhayin sa Senado shar.es/1EmzIB | @kbdaenlle",@dzIQ990
9:01 AM - 13 Oct 2016,"Muntik nang suntukan sa pagitan nina Barbers at Pichay, may pinaghugutan na ibang isyu - shar.es/1E5s7P | @donadominguez",@dzIQ990
9:01 AM - 13 Oct 2016,"Mga tindahan ng paputok sa Bocaue, ipinasara muna - DZIQ Radyo Inquirer 990AM shar.es/1E5sHA | @RickyBrozas",@dzIQ990
8:42 AM - 13 Oct 2016,"MMDA, nagsasagawa ng clearing operations sa bahagi ng Taft Avenue at Roxas Blvd | Photo via Jomar Piquero",@dzIQ990
8:32 AM - 13 Oct 2016,"Pulis, patay sa pananambang sa La Union - DZIQ Radyo Inquirer 990AM shar.es/1E5rvX | @jongmanlapaz",@dzIQ990
6:53 AM - 13 Oct 2016,Sangkot sa aksidente ang isang kotse at tricycle. Pawang sakay ng tricycle ang sugatan at kabilang sa sugatan ay isang estudyante | @MMDA,@dzIQ990
6:52 AM - 13 Oct 2016,JUST IN: 6 ang sugatan sa aksidente sa Batasan Road sa Batasan Hills QC | Ayon kay JC Sto. Domingo ng @MMDA Metrobase,@dzIQ990
6:06 AM - 13 Oct 2016,"UPDATE: Multiple collision at EDSA Boni MRT SB involving car, MC and closed van, cleared as of 5:53 AM. All lanes passable | @MMDA",@dzIQ990
6:02 AM - 13 Oct 2016,"Biyahe ng #MRT3 nagka-aberya, mga pasahero sa Cubao SB pinababa dahil sa train failure | @dotcmrt3",@dzIQ990
4:53 AM - 13 Oct 2016,86% bilib sa kampanya ng gobyerno kontra droga - DZIQ Radyo Inquirer 990AM shar.es/1EuFzW | @kbdaenlle,@dzIQ990
4:52 AM - 13 Oct 2016,"Mga sasama sa China visit ni Pres. Duterte, lumobo na sa 400 - DZIQ Radyo Inquirer 990AM shar.es/1EuFe4 | @kbdaenlle",@dzIQ990
4:43 AM - 13 Oct 2016,"Mga kaalyadong bansa, dapat mag-donate ng rehab center sa halip na bumatikos-Duterte  shar.es/1EuQhO | @jay_dones",@dzIQ990
4:41 AM - 13 Oct 2016,"Mga kaalyadong bansa, dapat mag-donate ng rehab center sa halip na bumatikos-Duterte  shar.es/1EuQhO | @jay_dones",@dzIQ990
4:41 AM - 13 Oct 2016,"Nationwide firecracker ban, pinag-iisipan na ng Palasyo - DZIQ Radyo Inquirer 990AM shar.es/1EuQf6 | Chona Yu",@dzIQ990
4:40 AM - 13 Oct 2016,"Globe at PLDT, pinare-recall na ang mga Samsung Galaxy Note 7 - DZIQ Radyo Inquirer 990AM shar.es/1EuQbR | @kbdaenlle",@dzIQ990
4:40 AM - 13 Oct 2016,"400 motorista, nasita sa dry run ng 'no window hours' policy - DZIQ Radyo Inquirer 990AM shar.es/1EuQ31 | @kbdaenlle",@dzIQ990
4:40 AM - 13 Oct 2016,"P10-M na halaga ng mga pekeng produkto, kumpiskado sa CDO - DZIQ Radyo Inquirer 990AM shar.es/1EuQmW | @kbdaenlle",@dzIQ990
4:39 AM - 13 Oct 2016,"Janet Jackson, buntis sa edad na 50 - DZIQ Radyo Inquirer 990AM shar.es/1EuUN3 | Rachel Cabrera",@dzIQ990
4:39 AM - 13 Oct 2016,Agot Isidro nanindigan laban sa mga bashers - DZIQ Radyo Inquirer 990AM shar.es/1EuUVg | @kbdaenlle,@dzIQ990
4:39 AM - 13 Oct 2016,"Meralco, 2-1 na kontra Ginebra - DZIQ Radyo Inquirer 990AM shar.es/1EuUFM | Jan Escosio",@dzIQ990
4:38 AM - 13 Oct 2016,"Trump, magiging mapanganib na pangulo kung mananalo -UNHR - DZIQ Radyo Inquirer 990AM shar.es/1EuU9e | @kbdaenlle",@dzIQ990
2:04 AM - 13 Oct 2016,"Lalaki patay sa drug buy bust operation ng MPD Station 10 sa Pandacan, Manila | @jongmanlapaz",@dzIQ990
2:00 AM - 13 Oct 2016,Barker patay sa pamamaril ng riding in tandem sa ilalim ng Gil Puyat LRT station | @jongmanlapaz,@dzIQ990
9:00 AM - 13 Oct 2016,"TINGNAN: SUV, inararo ang taxi bago sumalpok sa poste bit.ly/2d8iihY",@DZMMTeleRadyo
8:59 AM - 13 Oct 2016,"TINGNAN: Haba ng pila ng mga pasahero sa MRT North Ave Station, umabot na sa EDSA | via @zhandercayabyab",@DZMMTeleRadyo
9:00 AM - 13 Oct 2016,"TINGNAN: MRT North Ave Station, puno na ng pasahero | via @zhandercayabyab",@DZMMTeleRadyo
8:54 AM - 13 Oct 2016,"Tren ng MRT, tumirik pagkalampas ng North Ave Station sa QC (Photo: @jacquemanabat) | via @zhandercayabyab",@DZMMTeleRadyo
8:58 AM - 13 Oct 2016,"Mga tren ng MRT sa Cubao at North Avenue stations sa QC, nagkaaberya | via @zhandercayabyab",@DZMMTeleRadyo
8:32 AM - 13 Oct 2016,"2 pulis, suspek sa pagpatay sa regional chairperson ng Citizen Crime Watch sa Oriental Mindoro | via @NoelAlamarDZMM",@DZMMTeleRadyo
8:30 AM - 13 Oct 2016,"Pulse Asia: Duterte, nakakuha ng 86% rating bit.ly/2d8hSIv",@DZMMTeleRadyo
7:30 AM - 13 Oct 2016,"Mga tindero ng paputok sa pagsabog sa Bocaue, iniimbestigahan bit.ly/2d8k2b1",@DZMMTeleRadyo
6:35 AM - 13 Oct 2016,"Ayon sa naaksidenteng driver, hindi niya nakita ang mga barrier sa u-turn slot sa Mindanao Ave., QC | via @zhandercayabyab",@DZMMTeleRadyo
6:35 AM - 13 Oct 2016,"Driver ng trak, isinisi ang aksidente sa mga nanlilimahid nang barrier kaya hindi niya nakita | via @zhandercayabyab",@DZMMTeleRadyo
6:33 AM - 13 Oct 2016,"Trak, bumangga sa concrete barriers sa u-turn slot sa Mindanao Ave., QC | via @zhandercayabyab",@DZMMTeleRadyo
6:20 AM - 13 Oct 2016,"Motorsiklo, sumuot sa ilalim ng delivery van sa EDSA corner Pinatubo Street, Mandaluyong City. | via @alexiuscalda",@DZMMTeleRadyo
6:16 AM - 13 Oct 2016,"EARLIER: 8-wheeler truck, rinagasa ang concrete barrier sa Mindanao Ave. | via @RPfredcipres",@DZMMTeleRadyo
6:15 AM - 13 Oct 2016,"EARLIER: Lalaki, sugatan matapos pagbabarilin ng 5 riding-in-tandem sa Mandaluyong City | via @RPfredcipres",@DZMMTeleRadyo
6:15 AM - 13 Oct 2016,"EARLIER: Lalaki, patay matapos mabundol ng bus sa Valenzuela City | via @RPfredcipres",@DZMMTeleRadyo
9:47 PM - 12 Oct 2016,"JUST IN: Meralco tinalo ang Ginebra sa Game 3, 107-103",@DZMMTeleRadyo
8:00 PM - 12 Oct 2016,"Failon Ngayon ng DZMM, wagi bilang Best News Commentary Program sa #38thCMMA | via @DavidHalligOro",@DZMMTeleRadyo
8:08 PM - 13 Oct 2016 ,"Hari ng Thailand na si Bhumibol Adulyadej, pumanaw na sa edad na 88.",@DZMMTeleRadyo
7:52 PM - 13 Oct 2016 ,"Sen. Leila de Lima, pinuna ang pang-aabuso sa social media ng mga taga-suporta ni Pangulong Duterte. | ulat ni @RayaCapulong",@DZMMTeleRadyo
7:00 PM - 13 Oct 2016 ,"10 kilo ng hinihinalang shabu, inabandona sa Pampanga bit.ly/2d9dVDu",@DZMMTeleRadyo
6:32 PM - 13 Oct 2016 ,"Balak na pagbabawal sa land conversion ng administrasyon, hinaharang ni VP Robredo | via @jonibanez35",@DZMMTeleRadyo
5:45 PM - 13 Oct 2016 ,"Planong nationwide ban sa paputok, suportado ng EcoWaste Coalition | via @jonibanez35",@DZMMTeleRadyo
5:40 PM - 13 Oct 2016 ,"Kaso ng kapatid ng aktres na si Maritoni Fernandez, hindi pa sarado, ayon sa QCPD. | via @jonibanez35",@DZMMTeleRadyo
5:00 PM - 13 Oct 2016 ,"2 patay, 8 sugatan sa banggaan sa TPLEX bit.ly/2d9104o",@DZMMTeleRadyo
4:39 PM - 13 Oct 2016 ,#RadyoPatrol 39 sugatan sa gulo sa Manila City Jail,@DZMMTeleRadyo
4:40 PM - 13 Oct 2016 ,"#RadyoPatrol 3 South Korean, natagpuang patay sa Pampanga",@DZMMTeleRadyo
4:31 PM - 13 Oct 2016 ,"#RadyoPatrol Gobernador ng Camarines Norte, pinadi-dismiss sa serbisyo ng Ombudsman. | ulat ni @jonibanez35",@DZMMTeleRadyo
4:18 PM - 13 Oct 2016 ,"Clearing operations, isinagawa ng Manila LGU sa Intramuros | via @Dennis_Datu",@DZMMTeleRadyo
4:16 PM - 13 Oct 2016 ,"#RadyoPatrol Patay sa double barrel ng PNP, higit 1,500 na | ulat ni @dzmmPatrol44",@DZMMTeleRadyo
4:11 PM - 13 Oct 2016 ,"#RadyoPatrol Kaso ng EJK, umabot na sa 1,298",@DZMMTeleRadyo
3:42 PM - 13 Oct 2016 ,NDRRMC kasalukuyang nagpupulong bilang paghahanda sa posibleng epekto ni #KarenPH | via @sherieanntorres,@DZMMTeleRadyo
3:08 PM - 13 Oct 2016 ,"Lalaki, patay matapos mabangga ng bus sa Valenzuela bit.ly/2d8FXig",@DZMMTeleRadyo
3:06 PM - 13 Oct 2016 ,"35 inmate, 4 tauhan ng BJMP sugatan sa noise barrage sa Manila City Jail, ayon kay Supt. Gerald Bantag | via @Nikobaua",@DZMMTeleRadyo
1:18 PM - 13 Oct 2016 ,"Lalaki, arestado dahil sa pagbebenta ng pekeng pera bit.ly/2dMmjqb",@DZMMTeleRadyo
12:59 PM - 13 Oct 2016 ,"#HeadlinePilipinas 26 bundles ng pekeng US dollar, nasamsam",@DZMMTeleRadyo
12:58 PM - 13 Oct 2016 ,"#HeadlinePilipinas Higit 200 kahon ng smuggled na sigarilyo, nasamsam",@DZMMTeleRadyo
12:37 PM - 13 Oct 2016 ,"#HeadlinePilipinas Mga preso sa Manila City Jail, nag-noise barrage | Ulat ni RP 42 @Dennis_Datu",@DZMMTeleRadyo
5:56 AM - 13 Oct 2016 ,"Pangulong Rodrigo Duterte, nagpaabot ng pakikiramay sa pagpanaw ni Thai King Bhumibol Adulyade. | via @Benjielite",@dzbb
5:10 AM - 13 Oct 2016,"Onsehan sa droga, nauwi sa pamamaril sa Quezon City; Isang lalaki, sugatan. | via @olanbola",@dzbb
3:31 AM - 13 Oct 2016,Biyaheng China si Pangulong Duterte sa susunod na linggo. | via @24OrasGMA,@dzbb
3:18 AM - 13 Oct 2016,"Presyo ng kandila, mananatili sa orihinal nitong presyo para sa nalalapit na undas, ayon sa DTI. | via @dzbbsamnielsen",@dzbb
2:30 AM - 13 Oct 2016,"Lalaking pinaghihinalaang tulak ng iligal na droga, patay matapos manlaban sa pulisya sa Brgy. Tumana, Marikina City. | via @mamutuesday",@dzbb
1:15 AM - 13 Oct 2016,"Kaugnayan ni Pang. Duterte sa drug related killings at sa DDS, hindi napatunayan sa senado, ayon kay Sen. Gordon. | via @nimfaravelo",@dzbb
12:31 AM - 13 Oct 2016,"PHOTO: Sen. Leila De Lima, nagbibigay ng talumpati sa College of the Holy Spirit--Manila Campus. | via @CecilVillarosa",@dzbb
12:23 AM - 13 Oct 2016,FLASH: Ikalawang reklamo na may kaugnayan sa iligal na droga vs Sen. @AttyLeila. inihain na sa DOJ. | via @CecilVillarosa,@dzbb
11:58 PM - 12 Oct 2016,"Mga preso ng Manila City jail, nag-noise barrage, dalawang preso nasugatan. #SuperBalitaSaHapon",@dzbb
11:57 PM - 12 Oct 2016,"Bentahan ng paputok sa Bocaue, Bulacan, ipinatagil muna. #SuperBalitaSaHapon",@dzbb
11:55 PM - 12 Oct 2016,"Supt. Bantag: 35 inmate; 4 BJMP personnel, sugatan sa gulo sa Manila City Jail. | via @CecilVillarosa",@dzbb
11:55 PM - 12 Oct 2016,"PHOTO: Manila City Jail Warden Supt. Gerald Bantag, pinulong ang mga mayor o pinuno ng bawat dormitoryo matapos ang gulo kanina.",@dzbb
11:53 PM - 12 Oct 2016,Paglabag sa Sec 5 (sale/trading) at Sec 26 (conspirary) ng RA 9165 ang inihain nina Esmeralda at Lasala vs De Lima. | via @CecilVillarosa,@dzbb
11:53 PM - 12 Oct 2016,"Dating sexy star na si Sabrina M, binasahan na ng sakdal sa kaso kaugnay sa paggamit at pagbebenta ng iligal na droga. #SuperBalitaSaHapon",@dzbb
9:44 PM - 12 Oct 2016,"VP @lenirobredo, ipinarerekunsidera kay Pang. Duterte ang 2 taong pagbabawal sa land conversion. | via @wengsalvacion",@dzbb
9:42 PM - 12 Oct 2016,"PNP Cebu: Sa 595 operations, 927 buhay at napakakulong na suspects",@dzbb
9:27 PM - 12 Oct 2016,"Cebu Police Chief: 18 patay sa police operations, 52 naman ang DUI.",@dzbb
9:30 PM - 12 Oct 2016,"M16, M14, ilan sa mga baril na nakumpiska ng Cebu PNP sa mga suspek sa drug operations.",@dzbb
9:05 PM - 12 Oct 2016,"Sen Pacquiao ikinukuwento kung paano sila dinisiplina ni ""Mommy D."" | via @nimfaravelo",@dzbb
9:10 PM - 12 Oct 2016,"PDEA, tinatanong kaugnay ng natuklasang malaking shabu lab sa Arayat, Pampanga. Sinasabi nila na wala itong building permit. | via @gmanews",@dzbb
9:02 PM - 12 Oct 2016,NBI Dir Gierran tutol sa death penalty liban SA heinous crimes. | via @nimfaravelo,@dzbb
9:00 PM - 12 Oct 2016,"29 na ang mga dayuhan na nahuhuli sa drug trafficking mula noong Enero 2016, ayon kay PDEA Dir. Gen. Isidro Lapeña. | via @nimfaravelo",@dzbb
5:36 PM - 12 Oct 2016,"Manila Police District Bomb Squad, umaasang maibibigay na ang kanilang hazard duty pay. | via Carlo Mateo",@dzbb
4:57 PM - 12 Oct 2016,"JUST IN: DOH, nakatakdang magsumite ng EO kaugnay sa ""regulated use of firecrackers"" sa Palasyo sa susunod na linggo. — Sec. @Dok_Pau",@dzbb
3:55 PM - 12 Oct 2016,"5, arestado sa drug buy-bust operation sa Lucena City, Quezon kahapon. | via @Rodveg72",@dzbb
3:43 PM - 12 Oct 2016,"Ninja-cops' na nag-AWOL, pinaghahanap na ng PNP-Anti-Illegal Drugs Group. | via @mamutuesday",@dzbb
3:30 PM - 12 Oct 2016,"Mga pulis, manganganib sa ""Anti-extrajudicial killing Bill"" ni Sen. Leila de Lima, ayon kay Sen. @iampinglacson. | via @nimfaravelo",@dzbb
3:05 PM - 12 Oct 2016,"Humigit-kumulang 400 negosyante, nais sumabit sa biyahe ni Pang. Rodrigo Duterte sa Tsina. #SuperBalitaSaUmagaNationwide",@dzbb
3:05 PM - 12 Oct 2016,"Balikatan exercises sa pagitan ng mga tropang Pilipino at mga Amerikanong sundalo, tinuldukan na ni Duterte. #SuperBalitaSaUmagaNationwide",@dzbb
3:04 PM - 12 Oct 2016,"Pang. Rodrigo Duterte, nakakuha ng mataas na performance at trust rating sa survey ng @pulse_ph. #SuperBalitaSaUmagaNationwide",@dzbb
3:03 PM - 12 Oct 2016,"Mga Pilipino, tiyak na madidismaya sa dami ng brgy. captains at pulis na napabilang sa bagong 'narco-list.' #SuperBalitaSaUmagaNationwide",@dzbb
3:02 PM - 12 Oct 2016,"Imbitasyon sa mga kinatawan ng US at EU, inihahanda na ng Malacañang. #SuperBalitaSaUmagaNationwide",@dzbb
3:00 PM - 12 Oct 2016,"2 katao, patay habang mahigit 20 iba pa, sugatan sa pagsabog ng tindahan ng paputok sa Bocaue, Bulacan. #SuperBalitaSaUmagaNationwide",@dzbb
2:56 PM - 12 Oct 2016,"AFP, iginiit na nagpapatuloy ang kanilang pagpapatrolya sa 200 nautical-mile exclusive economic zone ng Pilipinas. | via @mamutuesday",@dzbb
2:53 PM - 12 Oct 2016,"Palasyo, itinanggi ang pahayag ni ex-Pres. FVR na kulang sa long-term strategic vision para sa bansa si Pang. Duterte. | via @Benjielite",@dzbb
2:46 PM - 12 Oct 2016,"FLASH: 6, sugatan sa banggaan ng tricycle at kotse sa Batasan Road sa Brgy. Batasan Hills, QC, ayon kay Emma Loristo, @MMDA Metro Base.",@dzbb
2:43 PM - 12 Oct 2016,"Bahagyang pagbaba ng ratings ni Pang. Duterte, dapat pa rin magsilbing ""wake-up call,"" ayon kay Sen. @iampinglacson. | via @nimfaravelo",@dzbb
2:41 PM - 12 Oct 2016,"Daloy ng trapiko, lumuwag na kahit paano dahil sa ipinatutupad na ""no window hours policy,"" ayon sa @MMDA. | via @glenjuego",@dzbb
2:32 PM - 12 Oct 2016,"FLASH: Isang guwardiya, sugatan matapos pumailalim ang minamaneho niyang motorsiklo sa isang van sa EDSA-Boni Avenue. | via @Rodveg72",@dzbb
1:30 PM - 12 Oct 2016,"JUST IN: Lalaking sumuko na sa 'Oplan Tokhang,' patay matapos umanong manlaban sa buy-bust op sa Pandacan, Maynila. | via @_jamesJA",@dzbb
1:24 PM - 12 Oct 2016,"Trust at approval ratings ni Pang. Rodrigo Duterte, pumalo sa 86%, batay sa ulat ng @pulse_ph. #DobolBBalitangBalita",@dzbb
1:24 PM - 12 Oct 2016,"Pang. Rodrigo Duterte, bibiyahe sa China sa susunod na linggo. #DobolBBalitangBalita",@dzbb
1:22 PM - 12 Oct 2016,"2, patay habang 24 ang sugatan sa pagsabog ng tindahan ng paputok sa Bocaue, Bulacan. #DobolBBalitangBalita",@dzbb
7:05 AM - 13 Oct 2016,"Kapamilya shows, humakot ng parangal sa 38th CMMA",@ABSCBNNews
11:06 AM - 12 Oct 2016,VIDEO: Wala pang malinaw na lead ang pulis sa mga bumaril kay John Wayne Sace at kasama niyang nasawi http://bit.ly/2dwDNW1 ,@saksi
10:31 AM - 12 Oct 2016,"VIDEO: Bullet train, planong itayo sa pagitan ng Subic at Clark http://bit.ly/2dwApu4 ",@saksi
10:31 AM - 12 Oct 2016,"VIDEO: Mga lumabag sa dry-run ng 'no window hours' ng number coding, sinita lang muna http://bit.ly/2dwzXvP ",@saksi
9:56 AM - 12 Oct 2016,"VIDEO: 2 patay, 24 sugatan sa sunog at pagsabog sa magkakatabing tindahan ng paputok sa Bocaue http://bit.ly/2dwx4ez ",@saksi
7:38 AM - 12 Oct 2016,"Ngayong nasa provincial jail na, dinala si Mark Anthony Fernandez sa selda kung saan apat lang silang preso.",@saksi
7:28 AM - 12 Oct 2016,Hindi pa pala agad mapapaandar ang mga darating na bagon ng MRT sa Enero dahil sa kakulangan ng power supply. Saksi si @AthenaImperial_.,@saksi
7:25 AM - 12 Oct 2016,Simula sa October 17 ay titiketan na ang mga mahuhuling lalabag sa no window hour policy.,@saksi
7:23 AM - 12 Oct 2016,"Ilang mga pagsabog pa rin ang naririnig sa pinangyarihan ng sunog sa Bocaue, Bulacan.",@saksi
:22 AM - 12 Oct 2016,Dati nang sinabi ni Pangulong Duterte na pabor siya sa nationwide ban sa mga paputok.,@saksi
7:21 AM - 12 Oct 2016,"Pinulong ng alkalde ng Bocaue, Bulacan ang 40 may-ari ng tindahan at pagawaan ng mga paputok.",@saksi
7:20 AM - 12 Oct 2016,"Posibleng sobrang imbak ng paputok para sa kapaskuhan, ang mitsa ng nangyaring pagsabog sa Bocaue, Bulacan. Saksi live si @_iancruz.",@saksi
7:19 AM - 12 Oct 2016,"Dinala sa magkakahiwalay na ospital ang mga nasugatan sa sunog at pagsabog sa magkakatabing tindahan ng paputok sa Bocaue, Bulacan.",@saksi
7:16 AM - 12 Oct 2016,"Kanina, mistulang warzone ang lugar dahil sa sunog at pagsabog sa magkakatabing tindahan ng paputok sa Bocaue, Bulacan.",@saksi
7:44 AM - 11 Oct 2016,Mahigit dalawang milyong unit ng Galaxy Note 7 ang ni-recall na sa merkado,@saksi
7:44 AM - 11 Oct 2016,Tuluyang itinigil ng kumpanyang Samsung ang paggawa nito ng Galaxy Note 7 sa gitna ng mga reklamong biglang nagliliyab ang unit.,@saksi
7:36 AM - 11 Oct 2016,"Sa tala ng Provincial Health Office simula Enero hanggang nitong Setyembre, 50 naman ang nasawi dahil sa dengue.",@saksi
7:35 AM - 11 Oct 2016,"Sa tala ng Provincial Health Office simula Enero hanggang nitong Setyembre, mahigit 5,000 na ang mga kaso ng dengue.",@saksi
7:35 AM - 11 Oct 2016,Idineklara ang dengue outbreak sa buong Cebu dahil sa patuloy na pagtaas ng bilang ng mga kaso ng tinatamaan ng dengue sa probinsya.,@saksi
7:35 AM - 11 Oct 2016,"Pahirapan ang pagapula sa sunog sa Brgy. Putatan, Muntinlupa na nataong may water interruption sa lugar.",@saksi
7:35 AM - 11 Oct 2016,Natupok ang isang commercial establishment pati isang grocery store kung saan hanggang ₱50 milyon raw ang halaga ng mga napinsala.,@saksi
7:27 AM - 11 Oct 2016,"Hindi muna titiketan ang mga lalabag bagamat sisitahin pero simula sa Lunes, October 17, pagmumultahin na ng ₱300 ang mga lalabag.",@saksi
7:27 AM - 11 Oct 2016,"Mula alas-7 ng umaga hanggang alas-7 ng gabi, bawal dumaan ang mga ""coding"" na sasakyan sa bahagi ng EDSA mula Monumento hanggang Taft.",@saksi
7:27 AM - 11 Oct 2016,"Bukas na pa-praktisin ang ""no window hours"" ng number coding scheme sa ilang kalsada sa Metro Manila.",@saksi
7:26 AM - 11 Oct 2016,Pai-igtingin din ng executive order ang pagbabawal ng pagbebenta ng sigarilyo ng mga street vendor. Sakop din ng EO ang e-cigarettes.,@saksi
7:26 AM - 11 Oct 2016,"Ang smoking area, nasa labas dapat ng establisyimento at 100 metro ang layo mula sa daanan ng publiko.",@saksi
7:26 AM - 11 Oct 2016,"Ayon sa DOH, ipagbabawal ang paninigarilyo sa lahat ng mga pampublikong lugar at sa loob ng mga gusali pati sa mga casino at club.",@saksi
7:26 AM - 11 Oct 2016,Inaasahang magkakaroon na ng nationwide smoking ban ngayong buwan kapag nailabas na ang executive order tungkol dito.,@saksi
7:18 AM - 11 Oct 2016,Sugatan sa pamamaril ang dating teen star na si John Wayne Sace na sumuko na sa Oplan Tokhang nito lamang Setyembre.,@saksi
7:16 AM - 11 Oct 2016,"Sa gitna ng mga pag-ulan sa iba't ibang bahagi ng Metro Manila, isang kainan ang nasunog sa Quezon City.",@saksi
10:31 AM - 10 Oct 2016,"VIDEO: Pamilya ng napatay na OFW at 4 na pulis na nadadawit, nagkaharap sa NBI http://bit.ly/2drbpEB ",@saksi
7:44 AM - 10 Oct 2016,Pwede na mag-pre-order ng robot na kayang magtiklop ng mga damit simula March 2017.,@saksi
7:44 AM - 10 Oct 2016,May robot na kapakipakinabang dahil kaya nitong magtiklop ng mga damit sa Japan,@saksi
5:59 AM - 13 Oct 2016,"Pumanaw na sa edad na 88 ang hari ng Thailand na si King Bhumibol Abdulyadej, ito ang kinumpirma ng palasyo ng Thailand sa isang pahayag.",@stateofdnation
6:00 AM - 13 Oct 2016,Si King Bhumibol ang may hawak ng record na pinakamatagal na naging hari sa kasaysayan ng mundo.,@stateofdnation
5:50 AM - 13 Oct 2016,Isang hinihinalang drug pusher sa Maynila ang napatay matapos umanong manlaban sa mga pulis.,@stateofdnation
5:41 AM - 13 Oct 2016,"Mula sa 45 percent noong June, bumaba sa 42 percent ang nagsabing mahirap sila.",@stateofdnation
5:41 AM - 13 Oct 2016,"Bumaba ang bilang ng mga pamilyang Pilipinong nagsabing mahirap sila, batay sa survey ng SWS na inilathala sa BusinessWorld.",@stateofdnation
5:39 AM - 13 Oct 2016,"Prayoridad daw ng administrasyong Duterte ang regional development at infra projects, ayon sa NEDA.",@stateofdnation
5:36 AM - 13 Oct 2016,"Sa gitna ng napipintong pagtaas ng federal interest rate ng Amerika, mababa ngayon ang halaga ng piso kontra dolyar.",@stateofdnation
5:24 AM - 13 Oct 2016,"May 28 operasyon na may sapat na basehan para masabing may paglabag sa police procedure, ayon sa PNP-IAS.",@stateofdnation
5:22 AM - 13 Oct 2016,"Sa pagpapatuloy ng Senate hearing sa umano'y sa extra judicial killings sa bansa, nagisa ang Internal Affairs Service ng PNP.",@stateofdnation
8:12 AM - 12 Oct 2016,"Duterte mask, patok para sa nalalapit Halloween http://bit.ly/2dwhm3d ",@stateofdnation
8:11 AM - 12 Oct 2016,"Grupong Piston, nag-noise barrage laban sa malakihang oil price hike http://bit.ly/2dwirrI ",@stateofdnation
8:11 AM - 12 Oct 2016,"Ilang Kapuso shows, kinilala sa U.S. International Film and Video Festival 2016 http://bit.ly/2dwip34 ",@stateofdnation
8:11 AM - 12 Oct 2016,"Itinatayong drug rehabilitation center sa Nueva Ecija, posibleng mabuksan sa Nobyembre http://bit.ly/2dwi0hd ",@stateofdnation
8:11 AM - 12 Oct 2016,"Anti-extrajudicial killing billl, isinusulong ni Sen. Leila de Lima http://bit.ly/2dwiP9x ",@stateofdnation
11:52 PM - 11 Oct 2016,"Sen. de Lima, kakasuhan ang mga naninira umano sa kanya, kabilang si Pres. Duterte bit.ly/2dtBUcz",@stateofdnation
8:59 AM - 13 Oct 2016,"Mark Anthony Fernandez, inilipat na sa Pampanga Provincial Jail bit.ly/2dUOrcs",@stateofdnation
8:59 AM - 13 Oct 2016,"Porsyento ng mga Pilipinong nagsasabing mahirap sila, nabawasan ayon sa SWS survey http://bit.ly/2dzesuC ",@stateofdnation
8:58 AM - 13 Oct 2016,"FVR, hindi na raw sasama sa pagbisita ni Pres. Duterte sa China http://bit.ly/2e0FfDx ",@stateofdnation
8:58 AM - 13 Oct 2016,"Presidential task force, binuo para tutukan ang media killings http://bit.ly/2e0IF92 ",@stateofdnation
8:58 AM - 13 Oct 2016,"Baseco sa Tondo, pinaka-apektado ng droga sa Maynila http://bit.ly/2e0IGtC ",@stateofdnation
8:58 AM - 13 Oct 2016,"Pres. Duterte, nangako sa mga negosyante na mas padadaliin niya ang pagnenegosyo sa bansa http://bit.ly/2e0FxdD ",@stateofdnation
8:58 AM - 13 Oct 2016,"Mga tindahan ng paputok sa Bocaue, ipinasara muna kasunod ng sunog kahapon http://bit.ly/2e0FGxK ",@stateofdnation
8:58 AM - 13 Oct 2016,"Mga nagsampa ng bagong reklamo laban kay Sen. De Lima, may galit umano sa kanya, ayon sa senadora http://bit.ly/2e0GOBs ",@stateofdnation
8:58 AM - 13 Oct 2016,"35 inmates at 4 na jail guards, sugatan sa kaguluhan sa Manila City Jail http://bit.ly/2e0EB8W ",@stateofdnation
8:27 AM - 11 Oct 2016,"Executive order sa nationwide smoking ban, nakatakdang ilabas ngayong buwan http://bit.ly/2dUODIE ",@stateofdnation
3:24 AM - 23 March 2016,#EarthquakePH Information No. 1 23 Mar 2016 - 02:59 PM Location: Marihatag (Surigao Del Sur) Magnitude: 3.1,
9:39 PM - 22 March 2016,#EarthquakePH Information No.1 22Mar-09:16PM Location:San Julian (Eastern Samar) Magnitude: 2.6 |via @phivolcs_dost,
12:32 PM - 5 March 2016,#EarthquakePH Information No. 1 Date and Time: 05 Mar 2016 - 11:58 AM Magnitude: 2.4 Location: Calatagan (Batangas),
9:28 PM - 6 June 2016,#EarthquakePH #EarthquakeDavaoOccidental Earthquake Information No. 1 Date and Time: 06 June 2016 - 09:10 PM Magnitude = 3.5,
5:05 AM - 23 May 2016,#EarthquakePH #EarthquakePangasinan Earthquake Information No. 1 Date and Time: 23 May 2016 - 04:39 AM Magnitude:2.8,
2:34 AM - 18 April 2016,#EarthquakePH #EarthquakeSurigaoDelSur Earthquake Information No. 1 Date and Time: 18 Apr 2016 - 02:21 AM Magnitude = 3.5,
8:48 PM - 17 April 2016,#EarthquakePH #EarthquakeTarlac Earthquake Information No. 1 Date and Time: 17 Apr 2016 - 08:24 PM Magnitude :2.1,
2:24 AM - 30 March 2016,#EarthquakePH #EarthquakeCagayan Earthquake Information No. 1 Date and Time: 30 Mar 2016 - 02:07 AM Magnitude = Magnitude = 2.3,
8:05 PM - 16 March 2016,#EarthquakePH Information No. 1 16Mar-07:39pm Magnitude: 3.4 Location: San Esteban (Ilocos Sur) | via @phivolcs_dost,
2:14 PM - 13 March 2016,#EarthquakePH Information No. 1 13Mar-01:51PM Magnitude:4.7 Location: Paracle (Camarines Norte) | via @phivolcs_dost,
8:12 PM - 7 March 2016,#EarthquakePH #EarthquakeNueva Vizcaya Earthquake Information No. 1 Date and Time: 07 Mar 2016 - 07:45 PM..,
3:24 PM - 6 March 2016,#EarthquakePH Information No. 1 Magnitude: 2.2 Location: Mamburao (Occidental Mindoro) | via @phivolcs_dost,
12:32 PM - 3 March 2016,#EarthquakePH Information No. 1 Date and Time: 05 Mar 2016 - 11:58 AM Magnitude: 2.4 Location: Calatagan (Batangas),
8:27 AM - 2 March 2016,#EarthquakePH Info No. 1 02Mar2016-08:03AM Location: Burgos (Surigao Del Norte) Magnitude: 3.8 | via @phivolcs_dost,
4:42 AM - 7 March 2016,#EarthquakePH #EarthquakeDavaoOccidental Earthquake Information No. 1 Date and Time: 07 June 2016 - 08:23 PM Magnitude = 3.8,
7:25 AM - 2 March 2016,#EarthquakePH Information No. 1 Magnitude = 2.6 Location: Anda (Bohol) | via @phivolcs_dost,
12:12 AM - 2 March 2016,#EarthquakePH Information No. 1 Date and Time: 01 Mar 2016 - 11:45 PM Magnitude: Ms 3.1 Location: Calayan (Cagayan),
10:24 PM - 12 March 2016,#EarthquakePH Information No. 2 Location: Calatagan (Batangas) Depth: 091 Magnitude: Ms 4.4 | via @phivolcs_dost,
5:59 AM - 6 June 2016,#EarthquakePH #EarthquakeSultanKudarat Earthquake Information No. 1 Date and Time: 06 June 2016 - 09:45 PM Magnitude = 2.5,
5:28 AM - 6 June 2016,#EarthquakePH #EarthquakeDavaoOccidental Earthquake Information No. 1 Date and Time: 06 June 2016 - 09:10 PM Magnitude = 3.5 ,
6:37 PM - 6 June 2016,#EarthquakePH #EarthquakeIlocosSur Earthquake Information No. 1 Date and Time: 06 June 2016 - 09:56 AM Magnitude = 2.5,
5:29 PM - 5 June 2016,#EarthquakePH #EarthquakeEasternSamar Earthquake Information No. 1 Date and Time: 06 June 2016 - 09:03 AM Magnitude: 4.1,
1:48 PM - 5 June 2016,#EarthquakePH #EarthquakeNegrosOccidental Earthquake Information No. 1 Date and Time: 06 June 2016 - 05:17 AM Magnitude: 1.5,
11:10 AM - 6 June 2016,#EarthquakePH #EarthquakeMountainProvince Earthquake Information No. 1 Date and Time: 06 June 2016 - 02:41 AM Magnitude: 3.3,
9:38 AM - 6 June 2016,#EarthquakePH #EarthquakeDavaoOriental Earthquake Information No. 1 Date and Time: 06 June 2016 - 01:13 AM Magnitude = 3.1,
11:07 AM - 5 June 2016,#EarthquakePH #EarthquakeBataan Earthquake Information No. 1 Date and Time: 05 June 2016 - 02:29 AM Magnitude = 2.4,
5:38 AM - 4 June 2016,#EarthquakePH #EarthquakeSurigaoDelNorte Earthquake Information No. 1 Date and Time: 04 June 2016 - 09:12 PM Magnitude = 3.2,
1:27 AM - 4 June 2016,#EarthquakePH #EarthquakeBohol Earthquake Information No. 1 Date and Time: 04 June 2016 - 05:07 PM Magnitude = 2.0,
1:09 AM - 4 June 2016,#EarthquakePH #EarthquakeSurigaodelNorte Earthquake Information No. 1 Date and Time: 04 June 2016 - 05:53 PM Magnitude = 3.6,
12:34 AM - 4 June 2016,#EarthquakePH #EarthquakeSurigaodelNorte Earthquake Information No. 1 Date and Time: 04 June 2016 - 04:20 PM Magnitude = 3.1,
7:13 AM - 13 December 2014,"#RadyoPatrol Halaga ng pinsalang idinulot ni #RubyPH, umabot na sa P3.3 bilyon",
8:33 PM - 3 June 2016,#EarthquakePH #EarthquakeOccidentalMindoro Earthquake Information No. 1 Date and Time: 04 June 2016 - 12:09 PM Magnitude= 2.1,
4:14 PM - 3 June 2016,#EarthquakePH #EarthquakeOccidentalMindoro Earthquake Information No. 1 Date and Time: 04 June 2016 - 8:03 AM Magnitude = 2.8,
12:14 PM - 3 June 2016,#EarthquakePH #EarthquakeOccidentalMindoro Earthquake Information No. 1 Date and Time: 04 June 2016 - 3:50 AM Magnitude = 2.4,
3:47 AM - 10 January 2016,"#Mindanao, #Binaha #Dahil sa #Bagyong '#Onyok'",
12:13 AM - 3 June 2016,#EarthquakePH #EarthquakeSurigaoDelSur Earthquake Information No. 1 Date and Time: 04 June 2016 - 3:49 AM Magnitude = 2.4,
9:59 AM - 3 June 2016,#EarthquakePH #EarthquakeNorthernSamar Earthquake Information No. 2 Date and Time: 04 June 2016 - 1:13 AM Magnitude = 4.1,
9:58AM - 3 June 2016,#EarthquakePH #EarthquakeNorthernSamar Earthquake Information No. 1 Date and Time: 04 June 2016 - 1:13 AM Magnitude = 3.8,
9:33 AM - 3 June 2016,#EarthquakePH #EarthquakeAgusanDelNorte #iFelt_AgusanDelNorte Earthquake Information No. 2 Date and Time: 02 June Magnitude = 4.2,
5:18 AM - 3 June 2016,#EarthquakePH #EarthquakeOccidentalMindoro Earthquake Information No. 1 Date and Time: 03 June 2016 - 8:56 PM Magnitude = 2.4,
4:51 AM - 3 June 2016,#EarthquakePH #EarthquakeBatanes Earthquake Information No. 2 Date and Time: 03 June 2016 - 7:50 PM Magnitude = 5.1,
9:41 PM - 11 August 2016,".@dost_pagasa: Yellow rainfall warning, nakataas sa Metro Manila, Pampanga, Bulacan, Cavite, at Rizal.",
9:41 PM - 11 August 2016,".@dost_pagasa: (As of 1PM) Orange rainfall warning, nakataas sa Bataan at Zambales.",
6:11 PM - 11 August 2016,".@dost_pagasa: (As of 10AM) Thunderstorm, maaaring mamuo sa Northern Mindanao at Davao Region sa loob ng 12 oras.",
6:11 PM - 11 August 2016,".@dost_pagasa: (As of 10AM) Thunderstorm, maaaring mamuo sa Metro Cebu sa loob ng 12 oras.",
11:12 PM - 11 August 2016,"#EarthquakePH | 23 min.ago #earthquake 5.0 has hit Leyte (Eastern Visayas), Philippines, 10.0km, 10:05 PM",
3:20 AM - 1 August 2016,#IMReady: Lumabas na ng PAR kaninang umaga ang bagyong #CarinaPH.,
7:34 PM - 31 July 2016,"11AM: Nasa 330km NW ng Laoag, Ilocos Norte ang #CarinaPH. Nasa labas na po 'yan ng PAR - @dost_pagasa",
1:39 PM - 31 July 2016,"PAGASA (5 AM): Tropical Cyclone Warning Signal 1: Benguet, Ifugao, La Union and Pangasinan.",
1:42 PM - 31 July 2016,"Tropical Cyclone Warning Signal no. 2: Ilocos Norte, Apayao, Abra, & Northern part of Cagayan including Babuyan Group of Islands #CarinaPH",
1:43 PM - 31 July 2016,"Tropical Cyclone Warning Signal no. 1: Ilocos Sur, Batanes Group of Islands, Rest of Cagayan, Isabela, Kalinga... #CarinaPH",
1:37 PM - 31 July 2016,"(1/2) #CarinaPH signal no. 1: Ilocos Sur, Batanes Group of Islands, Rest of Cagayan, Isabela, Kalinga | via @dost_pagasa",
1:36 PM - 31 July 2016,"#CarinaPH signal no. 2: Ilocos Norte, Apayao. Abra and Northern part of Cagayan including Babuyan Group of Islands | via @dost_pagasa",
7:26 AM - 31 July 2016,Taglay ng bagyong #CarinaPH ang lakas ng hanging aabot sa 100 kph malapit sa gitna at pagbugsong aabot sa 130 kph.,
7:26 AM - 31 July 2016,"As of 10 PM: Namataan ang sentro ng bagyo sa layong 85 km, kanluran hilagang-kanluran ng Aparri, Cagayan.",
7:14 AM - 31 July 2016,"TCWS #1 : Batanes Group of Island, La Union, Pangasinan, Benguet, Ifugao, Mt. Province, Nueva Vizcaya, and Isabela #CarinaPH",
11:24 PM - 24 March 2016,#EarthquakePH Information No. 1 23 Mar 2016 - 02:59 PM Location: Marihatag (Surigao Del Sur) Magnitude: 3.1,
5:39 AM - 22 March 2016,#EarthquakePH Information No.1 22Mar-09:16PM Location:San Julian (Eastern Samar) Magnitude: 2.6 |via @phivolcs_dost,
4:05 AM - 16 March 2016,#EarthquakePH Information No. 1 16Mar-07:39pm Magnitude: 3.4 Location: San Esteban (Ilocos Sur) | via @phivolcs_dost,
9:14 M - 12 March 2016,#EarthquakePH Information No. 1 13Mar-01:51PM Magnitude:4.7 Location: Paracle (Camarines Norte) | via @phivolcs_dost,
10:24 PM 5 August 2016,#EarthquakePH Information No. 1 Magnitude: 2.2 Location: Mamburao (Occidental Mindoro) | via @phivolcs_dost,
8:19 PM 14 August 2016,"5 tao, nasawi sa mga pagbaha bunsod ng hagupit ng Habagat sa malaking bahagi ng Luzon. #SuperBalitaSaTanghaliNationwide",
7:35 PM 14 August 2016,"FLASH: Magnitude 4.0 na lindol, tumama sa Burdeos, Quezon kaninang 10:50 a.m., ayon kay Dr. Renato Solidum, Jr.",
6:39 PM 14 August 2016,"JUST IN: Yellow rainfall warning, nakataas sa Zambales at Bataan, ayon sa @dost_pagasa.",
6:09 PM 14 August 2016,"LIST: Klase sa mga paaralan sa Metro Manila atbp. mga lalawigan, #WalangPasok dahil sa Habagat (as of 10:00 am)",
1:13 AM 13 August 2016,"PAGASA: Within 5 days, maulan pa rin po dahil sa habagat. Walang tigil. Matagal-tagal pa tayong magtitiis.",
5:45 AM 5 August 2016,"Habagat na magpapaulan ngayong weekend, palalakasin ng 2 sirkulasyon",
8:00 PM 2 August 2016,"#IMReady: Mga Kapuso, unti-unting lumalayo sa bansa ang habagat. Naaapektuhan na lamang nito ang kanlurang bahagi ng Luzon, ayon sa PAGASA.",
6:38 PM 2 August 2016,GMA Weather: Habagat ang umiiral ngayon sa western section ng #Luzon at #Visayas.,
6:54 PM 1 August 2016,"Sa ngayon, walang bagyo sa PAR. Pero ang bagyong Nida (int'l name) na nasa may China, pinalalakas pa rin ng habagat.",
5:39 PM 1 August 2016,#IMReady: Malakas ang Habagat ngayon na magpapaulan sa buong Luzon at Western Visayas. Epekto pa rin iyan ng nagdaang Bagyong #CarinaPH.,
9:21 PM 13 August 2016,Lima na ang nasawi habang nasa 70K katao na ang inilikas sa Visayas dahil sa matinding pag-ulang dulot ng habagat.,
1:53 PM 14 August 2016,"5 tao patay, mahigit 70,000 inilikas dahil sa Habagat - DZIQ Radyo Inquirer 990AM",
8:09 AM 13 August 2016,#RadyoPatrol 413 pamilya inilikas sa Valenzuela,
8:16 AM 13 August 2016,"Malonzo: Sa unang landslide, naapektuhan ang 4 bahay at 23 katao.",
8:17 AM 13 August 2016,"Malonzo: Apektado ang 2 bahay sa pangalawang landslide sa San Mateo, Rizal. Walang naiulat na nasaktan.",
8:06 AM 13 August 2016,#RadyoPatrol La Mesa Dam posibleng umapaw na kapag di pa tumigil ang ulan,
6:01 AM 13 August 2016,"80 pamilya, inilikas sa San Mateo, Rizal https://shar.es/1ZREsZ  | @chonayu1",
2:18 AM 13 August 2016,#TVPatrol Inilikas ang mga residenteng nakatira malapit sa Tullahan River.,
1:46 AM 13 August 2016,"Bilang ng mga residenteng inilikas sa Marikina dahil sa tumataas na lebel ng tubig sa Marikina River, nasa 6,738 | via @dzbbsamnielsen @dzbb",
7:23 AM - 27 Jun 2016,Nakalabas na sa PAR ang LPA na dating Bagyong #AmboPH kaninang 2:30 PM.,
3:21 AM - 27 Jun 2016,Nasa labas na ng Philippine Area of Responsibility ang Low Pressure Area na dating Bagyong #AmboPH.,
8:05 PM - 26 Jun 2016,"Bagyong #AmboPH, isa na lang ngayong low pressure area matapos mag-landfall sa Aurora kaninang umaga. #SuperBalitaSaTanghaliNationwide",
7:27 PM - 26 Jun 2016,"Nasa may West PHL Sea na ang LPA na dating bagyong #AmboPH, ayon sa @dost_pagasa. Nasa loob pa 'yan ng PAR.",
1:34 PM - 26 Jun 2016,"Low pressure area na dating bagyong #AmboPH, huling namataan kaninang 4 a.m. sa layong 66 km kanluran ng Laoag City. — Rene Paciente, PAGASA",
10:40 AM - 26 Jun 2016,Wala nang lugar sa bansa ang nasa ilalim ng Tropical Cyclone Warning Signal. | via @dost_pagasa #AmboPH,
7:58 AM - 26 Jun 2016,"Posibleng magdulot ang #AmboPH ng malalakas na ulan sa Northern at Central #Luzon, #Rizal at #Quezon.",
7:55 AM - 26 Jun 2016,"Signal#1: #Aurora, Northern #Quezon, #Polillo is., #Quirino, #NuevaVizcaya, #NuevaEcija, Southern #Isabela, Ifugao - @dost_pagasa #AmboPH",
7:11 AM - 26 Jun 2016,#AmboPH PAGASA (11 PM): Signal No.1— N. Quezon including Polillo Islands Aurora Quirino Nueva Ecija Nueva Vizcaya Southern Isabela Ifugao,
1:06 AM - 8 Jul 2016,"As of 3PM, lumabas na sa Philippine Area of Responsibility ang #BagyongButchoy. | via @dost_pagasa",
1:53 AM - 10 Jul 2016,"Isa ang nasawi at isa ang nawawala matapos ang pagtigil ng Bagyong #ButchoyPH sa PAR, batay sa tala ng NDRRMC.",
12:28 PM - 8 Jul 2016,"#ButchoyPH lumabas na sa PAR, southwest monsoon magpapaulan sa malaking bahagi ng bansa ngayong Sabado #TambayanSaRadyo",
7:36 AM - 8 Jul 2016,Hindi lang pagbaha kundi kabi-kabilang sakuna sa iba't ibang probinsya ang idinulot ng pagpapaigting ng bagyong #ButchoyPH sa Habagat.,
5:17 AM - 8 Jul 2016,"May lakas ng hangin na 150 km. per hour, bugsong 185 km. per hour at kilos pa-northwest sa bilis na 12 km. per hour si #ButchoyPH.",
5:16 AM - 8 Jul 2016,Pinalalakas pa rin ng dating Bagyong #ButchoyPH ang hanging habagat kaya posible pa rin ang landslides at flash floods sa Luzon.,
3:31 AM - 8 Jul 2016,Lumabas na sa PAR ang #ButchoyPH. Ibinaba na ng PAGASA ang lahat ng storm warning signals.,
1:39 AM - 8 Jul 2016,Tuluyan ng nakatawid ng Southern Taiwan ang bagyong #ButchoyPH palayo ng Pilipinas I @dost_pagasa,
1:36 AM - 8 Jul 2016,#IMReady: Nakalabas na ng PAR ang bagyong #ButchoyPH kaninang alas tres ng hapon.,
12:47 AM - 8 Jul 2016,PAGASA: #ButchoyPH nasa labas na ng Philippine Area of Responsibility.,
12:43 AM - 8 Jul 2016,Matinding baha ang inabot ng iba't ibang lugar dahil sa ulang dala ng habagat na pinaigting ni #ButchoyPH,
11:01 PM - 7 Jul 2016,Itinaas ng @NDRRMC_OpCen ang risk alert level sa “blue code” dahil sa Habagat na pinaigting ng TY #ButchoyPH.,
10:58 PM - 7 Jul 2016,Lalo pang humina ang bagyong #ButchoyPH pagtama sa Taiwan;Inaasahang lalabas ito ng PAR ngayong hapon I @dost_pagasa,
8:07 PM - 7 Jul 2016,PAGASA: Lalabas ng PAR si #ButchoyPH mamayang hapon. Sa Lunes o Martes pa bubuti ang panahon http://cnn.ph/29smC9r ,
8:05 PM - 7 Jul 2016,"#TV5AksyonsaTanghali | Bagyong #ButchoyPH, posibleng lumabas na ng PAR ngayong hapon. Umaaksyon LIVE si @PatMangune",
8:01 PM - 7 Jul 2016,"#ButchoyPH, nagdulot ng malakas na pag-ulan | Balitaan live http://cnn.ph/1LXc9jG ",
7:06 PM - 7 Jul 2016,PAGASA (11:00 AM) #ButchoyPH SIGNAL NO. 1 Batanes Group of Islands,
6:21 PM - 7 Jul 2016,"Hanggang tuhod na baha sa Kingsville Executive Village, Marcos Highway, Antipolo, Rizal #ButchoyPH",
5:56 PM - 7 Jul 2016,#ATM Baha sa Sumulong highway patungo sa SSS Village @MarikinaPIO City #ButchoyPH I via RH24 @edmarestabillo,
5:16 PM - 7 Jul 2016,"#ATM Baha sa bahagi ng Apostolic Nuncio sa Taft Avenue, Maynila #ButchoyPH I via RH06 @sherwinalfaro",
7:41 PM - 31 Jul 2016,WEATHER UPDATE(11AM): Tuluyan ng nakalabas ng Philippine Area of Responsibility ang bagyong #CarinaPH I @dost_pagasa,
7:34 PM - 31 Jul 2016,"11AM: Nasa 330km NW ng Laoag, Ilocos Norte ang #CarinaPH. Nasa labas na po 'yan ng PAR - @dost_pagasa",
6:01 PM - 31 Jul 2016,"As of 7AM, huling namataan ang bagyong #CarinaPH sa layong 270 km, Northwest ng Laoag City, Ilocos Norte I @dost_pagasa",
6:03 PM - 31 Jul 2016,"Taglay ng bagyo ang lakas ng hangin na 105 kph, pagbugso na 135 kph at kumikilos sa direksyong Northwest sa bilis na 24 kph I @dost_pagasa",
6:04 PM - 31 Jul 2016,"TCWS No. 1 (8AM): Ilocos Norte, Northern Cagayan kabilang ang Babuyan Group of Islands, Apayao, Abra, at Ilocos Sur I @dost_pagasa",
4:37 PM - 31 Jul 2016,"#CarinaPH TCWS No.1 Luzon: Ilocos Norte, Northern Cagayan including Babuyan Group of Islands, Apayao. Abra, and Ilocos Sur.",
1:25 PM - 31 Jul 2016,"UPDATE: Huling namataan ang bagyong #CarinaPH sa 145 km hilaga-hilagang kanluran ng Laoag City, Ilocos Norte kaninang 4:00 a.m.",
12:12 PM - 31 Jul 2016,#CarinaPH Signal No. 1 nakataas sa: -La Union -Pangasinan -Benguet -Ifugao -Mt. Province -Nueva Vizcaya -Isabela,
12:10 PM - 31 Jul 2016,#CarinaPH Signal No. 2 nakataas sa: -Ilocos Norte -Ilocos Sur -Cagayan including Babuyan Group of Islands -Apayao -Kalinga -Abra,
7:26 AM - 31 Jul 2016,Taglay ng bagyong #CarinaPH ang lakas ng hanging aabot sa 100 kph malapit sa gitna at pagbugsong aabot sa 130 kph.,
7:26 AM - 31 Jul 2016,"As of 10 PM: Namataan ang sentro ng bagyo sa layong 85 km, kanluran hilagang-kanluran ng Aparri, Cagayan.",
7:29 AM - 31 Jul 2016,"(1/2) Nakataas pa rin ang Tropical Cyclone Warning Signal No. 02 sa Ilocos Norte, Ilocos Sur, Cagayan, kabilang ang Babuyan Group of Islands",
7:30 AM - 31 Jul 2016,"(1/2) Nakataas naman ang Tropical Cyclone Warning Signal No. 01 sa Batanes Group of Islands, La Union, Pangasinan, Benguet, Ifugao,",
7:14 AM - 31 Jul 2016,"TCWS #1 : Batanes Group of Island, La Union, Pangasinan, Benguet, Ifugao, Mt. Province, Nueva Vizcaya, and Isabela #CarinaPH",
11:59 PM - 30 Jul 2016,"Bagyong Carina, nag-landfall na sa Cagayan province - DZIQ Radyo Inquirer 990AM",
11:58 PM - 30 Jul 2016,"WEATHER UPDATE: (2PM) Huling namataan ang bagyong #CarinaPH 70 km East ng Tuguegarao City, Cagayan I @dost_pagasa",
12:01 AM - 31 Jul 2016,"Taglay ng bagyo ang lakas ng hangin na 95kph, pagbugso na 120kph at kumikilos sa direksyong West Northwest sa bilis na 20kph I @dost_pagasa",
12:02 AM - 31 Jul 2016,"1/2 TCWS No. 2 (2PM): Isabela, Ilocos Norte, Ilocos Sur, Apayao, Mt. Province, Ifugao, Kalinga, Abra at Cagayan kabilang ang Babuyan Group of Islands",
12:02 AM - 31 Jul 2016,"TCWS No. 1(2PM): Batanes Group of Islands, Benguet, La Union, Nueva Vizcaya, Quirino, Pangasinan, Nueva Ecija at Aurora I @dost_pagasa",
3:38 AM - 26 Aug 2016,#DindoPH: May lakas ang hangin na nasa 160 kph malapit sa gitna at bugsong umaabot sa 195 kph.,
3:48 AM - 24 Aug 2016,#DindoPH: Abot ang lakas ng hangin nitong nasa 150 kph malapit sa gitna. May bugsong aabot sa 185 kph.,
9:51 PM - 23 Aug 2016,"#DindoPH taglay ang lakas ng hanging 130 kph malapit sa gitna, pagbugsong umaabot sa 160 kph | via @dost_pagasa",
9:42 PM - 23 Aug 2016,"JUST IN: Ganap na bagyo na ang LPA na binabantayan ng @dost_pagasa sa loob ng PAR,pinangalanan itong bagyong ""Dindo""",
9:44 PM - 23 Aug 2016,"#UPDATE As of 12PM, huling namataan ang bagyong #DindoPh 1,200 km East Northeast ng Itbayat, Batanes I @dost_pagasa",
6:09 PM - 1 Sep 2016,Wala nang bagyo sa loob ng PHL Area of Responsibility ngayong Biyernes. Lumabas na kagabi ng PAR ang #EntengPH.,
5:28 PM - 31 Aug 2016,"Huling nakita ng @dost_pagasa ang TD #EntengPH sa 695km NE ng Itbayat, #Batanes.",
5:29 PM - 31 Aug 2016,"May lakas na 55 kph malapit sa gitna ang TD #EntengPH, at kikilos pa-Northeast nang 18kph.",
7:11 PM - 14 Aug 2016,#EarthquakePH #EarthquakeQuezon Earthquake Information No. 1 Date and Time: 15 Aug 2016 : 10:50 AM Magnitude = 4.0,
4:56 AM - 27 Jul 2016,#EarthquakePH #EarthquakeLeyte Earthquake Information No. 1 Date and Time: 27 Jul 2016 - 08:12 PM Magnitude = 3.1,
10:10 AM - 25 Jul 2016,#EarthquakePH #EarthquakeCebu Earthquake Information No. 1 Date and Time: 26 Jul 2016 - 01:56 AM Magnitude = 2.1,
1:55 PM - 21 May 2016,#EarthquakePH #EarthquakeAbra Earthquake Information No. 1 Date and Time: 22 May 2016 - 05:36 AM Magnitude = 2.2,
1:26 AM - 2 Sep 2016,"Kalamansig, Sultan Kudarat, niyanig ng magnitude 5.0 na lindol; Intensity II, naramdaman sa General Santos City.",
1:53 AM - 23 Aug 2016,"San Policarpo, Eastern Samar, niyanig ng magnitude 4.1 na lindol ngayong 5:23pm. | via @phivolcs_dost",
10:01 AM - 16 Aug 2016,"FLASH: Magnitude 4.4 na lindol yumanig sa Burdeos, Quezon | via @phivolcs_dost",
2:31 PM - 15 Aug 2016,"Sinait, Ilocos Sur, niyanig ng magnitude 3.5 na lindol kaninang 4:33 ng umaga. Naramdaman ang Intensity 1 sa Sinait. | @phivolcs_dost",
4:34 AM - 15 Aug 2016,Antique at Iloilo niyanig ng magnitude 5.1 na lindol - DZIQ Radyo Inquirer 990AM https://shar.es/1ZVkqG  via @sharethis,
4:07 AM - 15 Aug 2016,"@phivolcs_dost: Valderrama, Antique, niyanig ng magnitude 5.1 na lindol kaninang 7:32pm.",
4:07 AM - 15 Aug 2016,Just in: Antique niyanig ng magnitude 5.1 na lindol ayon sa Philvocs,
8:03 PM - 14 Aug 2016,"Quezon, niyanig ng magnitude 4.0 na lindol - DZIQ Radyo Inquirer 990AM",
7:35 PM - 14 Aug 2016,"FLASH: Magnitude 4.0 na lindol, tumama sa Burdeos, Quezon kaninang 10:50 a.m., ayon kay Dr. Renato Solidum, Jr.",
7:34 PM - 14 Aug 2016,"Polilio, Quezon, niyanig ng magnitude 4 na lindol | via @dzmmRP45",
8:01 PM - 13 Aug 2016,JUST IN: Magnitude 2.5 lindol tumama sa Naval (Biliran) http://fb.me/vBO3sGHN  I @phivolcs_dost,
12:39 AM - 14 July 2016,Via @phivolcs_dost: No expected damage from 6.1-magnitude #earthquakePH off Davao Occidental; aftershocks expected:,
2:33 AM - 18 October 2016,"Nasawi sa #earthquakePH, umabot na sa 173",
7:35 PM - 31 Dec 2014,"Bago magpalit ang taon, naging low pressure area na lang muli ang Bagyong #SeniangPH, ayon sa @dost_pagasa.",@IMReadyPH
12: 58 PM - 4 Jan 2015,Humina at isa na lang LPA ang #SeniangPH. Huli itong namataan ng @dost_pagasa sa 210 km SSE ng Puerto Princesa City.,@IMReadyPH
12:27 PM - 4 Jan 2015,"9 barangay sa Alcantara, Cebu, isolated dahil sa pagbahang may kasamang putik dulot ng Bagyong #SeniangPH #UnangHirit",@UnangHirit
8:45 AM - 4 Jan 2015,"29 patay sa landslide sa Samar, Leyte #SeniangPH",@ABSCBNNews
6:56 AM - 4 Jan 2015,"Lalo pang humina ang Bagyong #SeniangPH, isa na lamang itong LPA ngayon, ayon sa @dost_pagasa. | via @wengsalvacion @dzbb",@gmanews
11:40 PM - 30 Dec 2014,#SeniangPH Signal No. 1 (4:30 PM) Southern Palawan,@IMReadyPH
11:11 PM - 30 Dec 2014,"Bilang ng namatay sa pananalasa ng bagyong #SeniangPH ,umakyat na sa 57; mahigit 50,000 na pamilya, apektado ng bagyo.",@dzbb
9:41 PM - 30 Dec 2014,"#SeniangPH UPDATE: As of 12:00 NN, huli itong namataan ng @dost_pagasa sa layong 250 km timog ng Cuyo, Palawan.",@IMReadyPH
7:20 PM - 30 Dec 2014,"52,000 pamilya, naapektuhan ng bagyong #SeniangPH, ayon sa @NDRRMC_OpCen. | via @glenjuego",@gmanews
7:21 PM - 30 Dec 2014,Aabot na sa 26 ang sugatan habang 8 pa ang nawawala sa pananalasa ng bagyong #SeniangPH. – @NDRRMC_OpCen | via @glenjuego,@gmanews
1:27 PM - 30 Dec 2014,"#SeniangPH, nananatili ang lakas; Palawan, signal no. 2",@DZMMTeleRadyo
12:56 PM - 30 Dec 2014,NDRRMC: 21 na ang kumpirmadong patay sa pananalasa ng Bagyong #SeniangPH sa Visayas at Mindanao #UnangHirit,@UnangHirit
12:34 PM - 30 Dec 2014,"Bagyong #SeniangPH, huling na-monitor ng @dost_pagasa sa layong 150 km southwest ng Cuyo, Palawan.",@dzbb
5:53 AM - 30 Dec 2014,"#SeniangPH Signal no. 1 Luzon: Calamian Group of Islands Visayas: Guimaras, Antique and Southern Iloilo",@InqNational
5:51 AM - 30 Dec 2014,"#SeniangPH Signal no. 2 Luzon: Cuyo Island and Palawan, via @dost_pagasa",@InqNational
5:14 AM 30 Dec 2014,"#AksyonTonite: Bilang ng nasawi dahil sa Bagyong #SeniangPH, umabot na sa 21 ayon sa NDRRMC",@News5AKSYON
4:46 AM - 30 Dec 2014,"4 ang nawawala sa Bohol, 4 sa Cebu, 1 sa Bukidnon at 1 sa Agusan del Norte; 17 katao ang naitalang nasugatan. | @_jamesagustin #SeniangPH",@gmanews
11:20 AM - 23 Oct 2015,"(Oct. 23, 2015) NDRRMC: Update sa pinsala ng #LandoPH 2 provinces, 1 city, 9 municipalities under state of calamity @NDRRMC_OpCen",@dzrhnews
5:20 AM - 23 Oct 2015,"Low pressure area [dating bagyong #LandoPH], huling namataan sa layong 285 km silangan ng Basco, Batanes, ayon sa @dost_pagasa.",@dzbb
5:29 AM - 23 Oct 2015,"Bagyong #LandoPH, pinakamapaminsala sa mga bagyo na tumama sa bansa ngayong taon. #DobolBBalitangBalita",@dzbb
5:03 AM - 8 June 2016,"Baha sa Maysilo, Mandaluyong magtatagal pa https://shar.es/1JrteK  | @jay_dones",@dzlQ990
11:19 PM - 6 Jun 2016,"Trapik, baha resulta ng biglaang pag-ulan - DZIQ Radyo Inquirer 990AM https://shar.es/1JWy5i  | @jay_dones",@dzlQ990
8:02 AM - 23 Dec 2015,"Ilang bahagi ng Mandaluyong, baha pa rin ilang araw na lang bago ang Pasko | via @sherwinalfaro @MandaluyongPIO",@dzrhnews
1:06 AM 16 Dec 2015,PAGASA: #BagyongNona Signal no. 2 Bataan Southern Zambales Batangas Cavite Lubang Island,@NewsLightTV
1:04 AM 16 Dec 2015,PAGASA: #BagyongNona Signal no. 2 Bulacan Pampanga Tarlac Rest of Zambales,@NewsLightTV
1:04 AM - 16 Dec 2015,"PAGASA: #BagyongNona Signal no. 1:Metro Manila,Laguna,Rizal,Northern Occidental Mindoro,Northern Oriental Mindoro",@NewsLightTV
3:30 AM - 15 Dec 2015,"Signal #3: Oriental Mindoro, Occidental Mindoro, Lubang Island",@PatnubayOnline
3:30 AM - 15 Dec 2015,"Signal #2: Batangas, Cavite, Marinduque",@PatnubayOnline
3:30 AM - 15 Dec 2015,Signal #2: Romblon at Calamian Group of Islands,@PatnubayOnline
3:31 AM - 15 Dec 2015,"Signal #1: Metro Manila, Bataan, Southern Zambales, Bulacan, Laguna",@PatnubayOnline
3:31 AM - 15 Dec 2015,"Signal #1: Rizal, Quezon, Northern Palawan, Cuyo Island at Antique",@PatnubayOnline
2:13 PM - 14 Dec 2015,Higit 500 pasahero #stranded sa #Batangas Port dahil sa Bagyong Nona.#bagyongnona,@TV5manila
6:36 PM - 14 Dec 2015,Wala ng supply ng kuryente sa ilang bahagi ng Sibuyan Island #bagyongnona,@rpost2015
6:24 PM - 14 Dec 2015,"Naramdaman na sa San Fernando, Romblon ang malakas na ulan na may kasamang hangin #bagyongnona",@rpost2015
2:44 AM - 6 Jan 2016,"Mga kalsada sa Infanta, Quezon, sira pa rin matapos matabunan ng landslides noong bagyong #NonaPH",@TVPatrol
5:29 AM - 29 Dec 2015,"Tatlong Islang sinalanta ni bagyong ‪#‎NonaPH‬ sa Romblon, patuloy na bumabangon. Mga residente, mag diriwang ng bagong taong walang kuryente",@RomblonNews
9:34 AM - 28 Dec 2015,"100% ng Sibale Island, Romblon, winasak ng bagyong #NonaPH; tulong, kailangang-kailangan",@DZMMTeleRadyo
2:46 AM - 29 Dec 2015,"Bagsik ng bagyong #NonaPH, pagbagsak ng kisame sa sinehan, at pananakit sa bata, ilan sa ibinahagi ng Bayan Patrollers",@TVPatrol
2:08 AM - 25 Dec 2015,Inabutan na ng pasko ang bahang dulot ng Bagyong #NonaPH sa Bulacan,@24OrasGMA
5:53 AM - 23 Dec 2015,"Pinsala ni #NonaPH sa Sibale Romblon, halos sariwa parin isang linggo matapos na manalasa ang bagyo",@RomblonNews
2:17 AM - 23 Dec 2015,"Ang mga taga-Corcuera, Romblon, hirap pa ring bumangon mula sa pananalasa ni #NonaPH",@24OrasGMA
11:10 PM - 22 Dec 2015,"Nagbigay ng tulong na nagkakahalagang P100,000 ang LGU-Odiongan sa tatlong islang nasalanta ng bagyong #NonaPH.",@RomblonNews
10:40 PM - 22 Dec 2015,"Pagpapailaw sa bayan ng Corcuera, maaring abutin pa ng 2 buwan; ayon kay Vice Mayor Elmer Fruelda #NonaPH",@GMAnewsbreaking
12:36 AM - 22 Dec 2015,"Nasawi sa #NonaPH, umabot na sa 42",@DZAR1026
7:12 AM - 21 Dec 2015,"Emergency shelter repair para sa mga nasalanta ng bagyong #NonaPH, tiniyak ng DSWD",@DZMMTeleRadyo
6:34 AM - 21 Dec 2015,"Balot ng putik ang ilang lugar sa Baco, Oriental Mindoro na nakaranas ng lagpas-taong baha nang manalasa ang Bagyong #NonaPH.",@saksi
6:34 AM - 22 Dec 2015,"Wala na ang Bagyong #OnyokPH o Bagyong #NonaPH pero baha pa rin sa Baler, Aurora dulot ng ulan dahil sa amihan at cold front.",@saksi
2:34 AM - 21 Dec 2015,"Halos 10,000 nasalanta ng Bagyong #NonaPH ang nahatiran ng tulong ng Operation Bayanihan ng @gmakf",@24OrasGMA
2:31 AM - 21 Dec 2015,"#KapusongTotoo: Ang ating Operation Bayanihan, agad nagsadya sa mga nasalanta ng Bagyong #NonaPH sa Matnog, Sorsogon.",@24OrasGMA
10:33 PM - 20 Dec 2015,NDRRMC: 40 patay dahil sa bagyong #NonaPH,@BalitaNgayon
10:07 PM - 20 Dec 2015,Death toll sa bagyong #NonaPH tataas pa sa kasalukuyang 40 katao,@NewsCentralPH
2:11 PM - 20 Dec 2015,"Pinsala ng bagyong #NonaPH, mahigit ₱3-B na. #SuperBalitaSaUmagaNationwide",@dzbb
1:59 Pm - 20 Dec 2015,"Sa kabuoan 430,801 pamilya ang nailikas, 17,808 ang nasa evacuation centers na 288",@dwiz882
7:37 AM - 19 Dec 2015,Posible raw na brownout sa Pasko sa ilang lugar sa Oriental Mindoro dahil sa lawak ng pinsala dulot ng #NonaPH.,@Balitanghali11
7:28 AM - 19 Dec 2015,"Bilang ng mga namatay sa bagyong #NonaPH, tumaas pa",@TVPatrol
9:53 AM - 18 Dec 2015,"Halaga ng pinsala sa imprastruktura ng bagyong #NonaPH, nasa mahigit P60 milyon na - ayon sa @DPWHph",@GMAnewsbreaking
7:25 PM - 18 Dec 2015,Mahigit 200 paaralan sa buong Oriental Mindoro ang napinsala ng Bagyong #NonaPH,@Balitanghali11
7:01 PM - 18 Dec 2015,Nasa state of calamity ngayon ang buong Pilipinas dahil sa pananalasa ng Bagyong #NonaPH.,@Balitanghali11
6:23 PM - 18 Dec 2015,NDRRMC: 42 kalsada at  21 tulay ang hindi pa rin madaanan dahil sa bagyong #NonaPH,@dwiz882
6:12 Pm - 18 Dec 2015,34 na ang kumpirmadong patay dahil sa bagyong #NonaPH ayon sa NDRRMC,@dwiz882
12:21 Pm - 18 Dec 2015,"PNoy, nagdeklara ng state of national calamity dahil sa hagupit ni #NonaPH",@GMAnewsbreaking
8:23 AM - 18 Dec 2015,"#NonaPH, nag-iwan sa Isabela ng higit P70-M pinsala sa agrikultura",@TVPatrol
4:41 AM - 18 Dec 2015,"State of Calamity, idineklara na sa lalawigan ng Romblon dahil sa iniwang pinsala ni #NonaPH.",@RomblonNews
4:23 AM - 18 Dec 2015,"Kumpara sa Bagyong #NonaPH, higit na mas mahina ang hanging dala ng Bagyong #OnyokPH.",@stateofdnation
3:47 AM - 18 Dec 2015,"Isa sa mga classrooms na nagiba dahil sa bagyong #NonaPH sa Pola, Oriental Mindoro",@BalitaNgayon
2:25 AM - 18 Dec 2015,"Mahigit P70-m, iniwang pinsala ng bagyong #NonaPH sa agrikultura",@TVPatrol
1:54 AM - 18 Dec 2015,"#TVPatrol Mahigit 1,500 pamilya na sinalanta ng bagyong #NonaPH, tumanggap ng tulong",@TVPatrol
1:52 AM - 18 Dec 2015,"#TVPatrol  Mga pamilyang lumikas, nagsisiuwian na #NonaPH",@TVPatrol
1:48 AM - 18 Dec 2015,"#TVPatrol Pola, Oriental Mindoro, isinailalim sa state of calamity dahil sa Bagyong #NonaPH",@TVPatrol
1:47 AM - 18 Dec 2015,"#TVPatrol 45,000 na bahay, sinira ng bagyong #NonaPH sa Oriental, Mindoro",@TVPatrol
1:46 AM - 18 Dec 2015,"#TVPatrol Libu-libong sako ng bigas, nabasa nang matuklap ang bubong ng mga bodega dahil sa bagyong #NonaPH",@TVPatrol
1:48 AM - 18 Dec 2015,#TVPatrol 11 patay noong kasagsagan ng bagyong #NonaPH sa Oriental Mindoro TVPatrol,@TVPatrol
1:45 AM - 18 Dec 2015,Baka mag- pasko sa dilim ang mga residente ng Northern Samar Na napuruhan ng Bagyong #NonaPH,@24OrasGMA
1:30 AM - 18 Dec 2015,"#TVPatrol PNoy, nagdeklara ng State of National Calamity para mapadali ang pagtugon sa pananalasa ng Bagyong #NonaPH",@TVPatrol
1:39 AM - 18 Dec 2015,Ilang bangka ang lumubog at nawasak nang manalasa ang Bagyong #NonaPH sa Northern Samar.,@24OrasGMA
1:39 AM - 18 Dec 2015,"#TVPatrol Ekta-ektaryang pananim sa bayan ng Candaba, napinsala #NonaPH",@TVPatrol
1:32 AM - 18 Dec 2015,5 ang nasawi at 2 ang nawawala  dahil sa landslide dala ng Bagyong #NonaPH.,@24OrasGMA
1:30 AM - 18 Dec 2015,Landslide ang pangunahing naminsala sa ilang bahagi ng Nueva Vizcaya at Nueva Ecija bunsod ng #NonaPH.,@24OrasGMA
12:56 AM - 18 Dec 2015,Higit 3000 na ang stranded na pasahero sa iba't-ibang pier dahil sa Bagyong #NonaPH.,@dzbb
12:24 AM - 18 Dec 2015,"Pinsalang dinulot ng #NonaPH, umabot sa higit P900 milyon",@DZAR1026
9:30 PM - 17 Dec 2015,"Mga residenteng naapektuhan ng malalakas na pag-ulan sa Aurora, umaapela ng ayuda",@BalitaNgayon
7:54 PM - 17 Dec 2015,Halos 500 na puno ng niyog ang nasira ni bagyong #NonaPH sa bayan ng Corcuera.,@RomblonNews
7:16 PM - 17 Dec 2015,Umakyat na sa 9 ang naitalang patay sa Oriental Mindoro dahil sa bagyong #NonaPH.,@Balitanghali11
7:03 PM -  17 Dec 2015,Sa Simara Island naman halos wasak rin ang mga bahay na malapit sa dalampasigan. #NonaPH,@RomblonNews
6:47 PM - 17 Dec 2015,Sinira ng malalakas ng hangin na dala ng #NonaPH ang ilang establisyemento sa Oriental Mindoro,@Balitanghali11
6:30 PM - 17 Dec 2015,Or. Mindoro Gov: 9 patay dahil kay #NonaPH,@DZMMTeleRadyo
6:24 PM - 17 Dec 2015,"40,000 bahay, winasak ng bagyong #NonaPH sa Oriental Mindoro",@bayanmo
5:57 PM - 17 Dec 2015,"NDRRMC Usec. Alexander Pama: 165,554 families ang nailikas dahil sa bagyong #NonaPH",@dwiz882
5:33 PM - 17 Dec 2015,Lima na ang namatay at dalawa ang nawawala sa Nueva Vizcaya dahil sa Bagyong #NonaPH,@gmanewsfacebok
4:29 PM - 17 Dec 2015,"Hindi pa man din tapos manalanta si #NonaPH, entrada naman ngayon si tropical depression #OnyokPH. Maghanda po tayo",@MartinRomualdez
1:44 PM - 17 Dec 2015,"Lima patay, dalawa nawawala sa pananalasa ng bagyong #NonaPH sa Alfonso, Castañeda, Nueva Vizacya. #UnangHirit",@UnangHirit
1:15 PM - 17 Dec 2015,"Malaking bahagi ng Gabaldon, N. Ecija, binaha",@TVPatrol
12:15 PM -  17 Dec 2015,6 naitalang patay sa pananalasa ni #NonaPH sa N. Samar,@TVPatrol
12:48 PM - 17 Dec 2015,PAGASA weather forecaster Jun Galang: Natunaw na po si #NonaPH kahapon. | via @dzbb,@gmanewsbreaking
1:00 PM - 17 Dec 2015,4 patay sa Oriental Mindoro dahil kay #NonaPH,@TVPatrol
8:39 PM - 16 Dec 2015,"#OnyokPH, tinutumbok ang Caraga, #NonaPH, LPA na lang",@DZMMTeleRadyo
7:45 PM - 16 Dec 2015,Walo na ang naitatalang patay sa pananalasa ng Bagyong #NonaPH na ngayo'y isa na lang low pressure area.,@Balitanghali11